CollectedDate,Path,Title,TotalViews,UniqueVisitors
"2026-04-05","/ZacharyLuz/Get-AzAIModelAvailability","Overview",6,5
"2026-04-05","/ZacharyLuz/Get-AzAIModelAvailability/graphs/traffic","/graphs/traffic",1,1
"2026-04-05","/ZacharyLuz/Get-AzAIModelAvailability/pulse","/pulse",1,1
"2026-04-05","/zacharyluz/Get-AzAIModelAvailability","Overview",1,1
"2026-04-06","/ZacharyLuz/Get-AzAIModelAvailability","Overview",6,5
"2026-04-06","/ZacharyLuz/Get-AzAIModelAvailability/graphs/traffic","/graphs/traffic",1,1
"2026-04-06","/ZacharyLuz/Get-AzAIModelAvailability/pulse","/pulse",1,1
"2026-04-06","/zacharyluz/Get-AzAIModelAvailability","Overview",1,1
"2026-04-07","/ZacharyLuz/Get-AzAIModelAvailability","Overview",8,5
"2026-04-07","/ZacharyLuz/Get-AzAIModelAvailability/graphs/traffic","/graphs/traffic",2,1
"2026-04-07","/ZacharyLuz/Get-AzAIModelAvailability/pulse","/pulse",2,1
"2026-04-07","/zacharyluz/Get-AzAIModelAvailability","Overview",1,1
"2026-04-08","/ZacharyLuz/Get-AzAIModelAvailability","Overview",8,5
"2026-04-08","/ZacharyLuz/Get-AzAIModelAvailability/graphs/traffic","/graphs/traffic",2,1
"2026-04-08","/ZacharyLuz/Get-AzAIModelAvailability/pulse","/pulse",2,1
"2026-04-08","/zacharyluz/Get-AzAIModelAvailability","Overview",1,1
"2026-04-09","/ZacharyLuz/Get-AzAIModelAvailability","Overview",9,6
"2026-04-09","/ZacharyLuz/Get-AzAIModelAvailability/graphs/traffic","/graphs/traffic",2,1
"2026-04-09","/ZacharyLuz/Get-AzAIModelAvailability/pulse","/pulse",2,1
"2026-04-09","/zacharyluz/Get-AzAIModelAvailability","Overview",1,1
"2026-04-10","/ZacharyLuz/Get-AzAIModelAvailability","Overview",10,6
"2026-04-10","/ZacharyLuz/Get-AzAIModelAvailability/graphs/traffic","/graphs/traffic",2,1
"2026-04-10","/ZacharyLuz/Get-AzAIModelAvailability/pulse","/pulse",2,1
"2026-04-10","/zacharyluz/Get-AzAIModelAvailability","Overview",1,1
"2026-04-11","/ZacharyLuz/Get-AzAIModelAvailability","Overview",9,6
"2026-04-11","/ZacharyLuz/Get-AzAIModelAvailability/graphs/traffic","/graphs/traffic",2,1
"2026-04-11","/ZacharyLuz/Get-AzAIModelAvailability/pulse","/pulse",2,1
"2026-04-11","/zacharyluz/Get-AzAIModelAvailability","Overview",1,1
"2026-04-12","/ZacharyLuz/Get-AzAIModelAvailability","Overview",9,6
"2026-04-12","/ZacharyLuz/Get-AzAIModelAvailability/graphs/traffic","/graphs/traffic",2,1
"2026-04-12","/ZacharyLuz/Get-AzAIModelAvailability/pulse","/pulse",2,1
"2026-04-12","/zacharyluz/Get-AzAIModelAvailability","Overview",1,1
"2026-04-13","/ZacharyLuz/Get-AzAIModelAvailability","Overview",9,6
"2026-04-13","/ZacharyLuz/Get-AzAIModelAvailability/graphs/traffic","/graphs/traffic",2,1
"2026-04-13","/ZacharyLuz/Get-AzAIModelAvailability/pulse","/pulse",2,1
"2026-04-13","/zacharyluz/Get-AzAIModelAvailability","Overview",1,1
"2026-04-14","/ZacharyLuz/Get-AzAIModelAvailability","Overview",9,6
"2026-04-14","/ZacharyLuz/Get-AzAIModelAvailability/graphs/traffic","/graphs/traffic",2,1
"2026-04-14","/ZacharyLuz/Get-AzAIModelAvailability/pulse","/pulse",2,1
"2026-04-14","/zacharyluz/Get-AzAIModelAvailability","Overview",1,1
"2026-04-15","/ZacharyLuz/Get-AzAIModelAvailability","Overview",9,6
"2026-04-15","/ZacharyLuz/Get-AzAIModelAvailability/graphs/traffic","/graphs/traffic",2,1
"2026-04-15","/ZacharyLuz/Get-AzAIModelAvailability/pulse","/pulse",2,1
"2026-04-15","/zacharyluz/Get-AzAIModelAvailability","Overview",1,1
"2026-04-23","/ZacharyLuz/Get-AzAIModelAvailability","Overview",36,20
"2026-04-23","/ZacharyLuz/Get-AzAIModelAvailability/deployments/github-pages","/deployments/github-pages",4,1
"2026-04-23","/ZacharyLuz/Get-AzAIModelAvailability/pull/7","/pull/7",2,1
"2026-04-23","/ZacharyLuz/Get-AzAIModelAvailability/pulls","/pulls",2,1
"2026-04-23","/ZacharyLuz/Get-AzAIModelAvailability/blob/main/Get-AzAIModelAvailability.ps1","/blob/main/Get-AzAIModelAvailability.ps1",1,1
"2026-04-23","/ZacharyLuz/Get-AzAIModelAvailability/blob/main/Protect_Main_Branch.json","/blob/main/Protect_Main_Branch.json",1,1
"2026-04-23","/ZacharyLuz/Get-AzAIModelAvailability/branches","/branches",1,1
"2026-04-23","/ZacharyLuz/Get-AzAIModelAvailability/deployments","/deployments",1,1
"2026-04-23","/ZacharyLuz/Get-AzAIModelAvailability/tree/main/.github","/tree/main/.github",1,1
"2026-04-23","/ZacharyLuz/Get-AzAIModelAvailability/tree/main/tests","/tree/main/tests",1,1
"2026-04-24","/ZacharyLuz/Get-AzAIModelAvailability","Overview",38,20
"2026-04-24","/ZacharyLuz/Get-AzAIModelAvailability/deployments/github-pages","/deployments/github-pages",4,1
"2026-04-24","/ZacharyLuz/Get-AzAIModelAvailability/pull/7","/pull/7",2,1
"2026-04-24","/ZacharyLuz/Get-AzAIModelAvailability/pulls","/pulls",2,1
"2026-04-24","/ZacharyLuz/Get-AzAIModelAvailability/blob/main/Get-AzAIModelAvailability.ps1","/blob/main/Get-AzAIModelAvailability.ps1",1,1
"2026-04-24","/ZacharyLuz/Get-AzAIModelAvailability/blob/main/Protect_Main_Branch.json","/blob/main/Protect_Main_Branch.json",1,1
"2026-04-24","/ZacharyLuz/Get-AzAIModelAvailability/branches","/branches",1,1
"2026-04-24","/ZacharyLuz/Get-AzAIModelAvailability/deployments","/deployments",1,1
"2026-04-24","/ZacharyLuz/Get-AzAIModelAvailability/tree/main/.github","/tree/main/.github",1,1
"2026-04-24","/ZacharyLuz/Get-AzAIModelAvailability/tree/main/tests","/tree/main/tests",1,1
"2026-04-25","/ZacharyLuz/Get-AzAIModelAvailability","Overview",40,21
"2026-04-25","/ZacharyLuz/Get-AzAIModelAvailability/deployments/github-pages","/deployments/github-pages",5,2
"2026-04-25","/ZacharyLuz/Get-AzAIModelAvailability/deployments","/deployments",3,1
"2026-04-25","/ZacharyLuz/Get-AzAIModelAvailability/graphs/traffic","/graphs/traffic",2,1
"2026-04-25","/ZacharyLuz/Get-AzAIModelAvailability/pull/7","/pull/7",2,1
"2026-04-25","/ZacharyLuz/Get-AzAIModelAvailability/pulls","/pulls",2,1
"2026-04-25","/ZacharyLuz/Get-AzAIModelAvailability/blob/main/Get-AzAIModelAvailability.ps1","/blob/main/Get-AzAIModelAvailability.ps1",1,1
"2026-04-25","/ZacharyLuz/Get-AzAIModelAvailability/blob/main/Protect_Main_Branch.json","/blob/main/Protect_Main_Branch.json",1,1
"2026-04-25","/ZacharyLuz/Get-AzAIModelAvailability/branches","/branches",1,1
"2026-04-25","/ZacharyLuz/Get-AzAIModelAvailability/pulse","/pulse",1,1
"2026-04-26","/ZacharyLuz/Get-AzAIModelAvailability","Overview",40,21
"2026-04-26","/ZacharyLuz/Get-AzAIModelAvailability/deployments/github-pages","/deployments/github-pages",5,2
"2026-04-26","/ZacharyLuz/Get-AzAIModelAvailability/deployments","/deployments",3,1
"2026-04-26","/ZacharyLuz/Get-AzAIModelAvailability/graphs/traffic","/graphs/traffic",2,1
"2026-04-26","/ZacharyLuz/Get-AzAIModelAvailability/pull/7","/pull/7",2,1
"2026-04-26","/ZacharyLuz/Get-AzAIModelAvailability/pulls","/pulls",2,1
"2026-04-26","/ZacharyLuz/Get-AzAIModelAvailability/blob/main/Get-AzAIModelAvailability.ps1","/blob/main/Get-AzAIModelAvailability.ps1",1,1
"2026-04-26","/ZacharyLuz/Get-AzAIModelAvailability/blob/main/Protect_Main_Branch.json","/blob/main/Protect_Main_Branch.json",1,1
"2026-04-26","/ZacharyLuz/Get-AzAIModelAvailability/branches","/branches",1,1
"2026-04-26","/ZacharyLuz/Get-AzAIModelAvailability/pulse","/pulse",1,1
"2026-04-27","/ZacharyLuz/Get-AzAIModelAvailability","Overview",40,21
"2026-04-27","/ZacharyLuz/Get-AzAIModelAvailability/deployments/github-pages","/deployments/github-pages",5,2
"2026-04-27","/ZacharyLuz/Get-AzAIModelAvailability/deployments","/deployments",3,1
"2026-04-27","/ZacharyLuz/Get-AzAIModelAvailability/graphs/traffic","/graphs/traffic",2,1
"2026-04-27","/ZacharyLuz/Get-AzAIModelAvailability/pull/7","/pull/7",2,1
"2026-04-27","/ZacharyLuz/Get-AzAIModelAvailability/pulls","/pulls",2,1
"2026-04-27","/ZacharyLuz/Get-AzAIModelAvailability/blob/main/Get-AzAIModelAvailability.ps1","/blob/main/Get-AzAIModelAvailability.ps1",1,1
"2026-04-27","/ZacharyLuz/Get-AzAIModelAvailability/blob/main/Protect_Main_Branch.json","/blob/main/Protect_Main_Branch.json",1,1
"2026-04-27","/ZacharyLuz/Get-AzAIModelAvailability/branches","/branches",1,1
"2026-04-27","/ZacharyLuz/Get-AzAIModelAvailability/pulse","/pulse",1,1
"2026-04-28","/ZacharyLuz/Get-AzAIModelAvailability","Overview",43,21
"2026-04-28","/ZacharyLuz/Get-AzAIModelAvailability/deployments/github-pages","/deployments/github-pages",8,2
"2026-04-28","/ZacharyLuz/Get-AzAIModelAvailability/deployments","/deployments",3,1
"2026-04-28","/ZacharyLuz/Get-AzAIModelAvailability/graphs/traffic","/graphs/traffic",2,1
"2026-04-28","/ZacharyLuz/Get-AzAIModelAvailability/pull/7","/pull/7",2,1
"2026-04-28","/ZacharyLuz/Get-AzAIModelAvailability/pulls","/pulls",2,1
"2026-04-28","/ZacharyLuz/Get-AzAIModelAvailability/blob/main/Get-AzAIModelAvailability.ps1","/blob/main/Get-AzAIModelAvailability.ps1",1,1
"2026-04-28","/ZacharyLuz/Get-AzAIModelAvailability/blob/main/Protect_Main_Branch.json","/blob/main/Protect_Main_Branch.json",1,1
"2026-04-28","/ZacharyLuz/Get-AzAIModelAvailability/branches","/branches",1,1
"2026-04-28","/ZacharyLuz/Get-AzAIModelAvailability/pulse","/pulse",1,1
"2026-04-29","/ZacharyLuz/Get-AzAIModelAvailability","Overview",45,22
"2026-04-29","/ZacharyLuz/Get-AzAIModelAvailability/deployments/github-pages","/deployments/github-pages",8,2
"2026-04-29","/ZacharyLuz/Get-AzAIModelAvailability/deployments","/deployments",3,1
"2026-04-29","/ZacharyLuz/Get-AzAIModelAvailability/graphs/traffic","/graphs/traffic",2,1
"2026-04-29","/ZacharyLuz/Get-AzAIModelAvailability/pull/7","/pull/7",2,1
"2026-04-29","/ZacharyLuz/Get-AzAIModelAvailability/pulls","/pulls",2,1
"2026-04-29","/ZacharyLuz/Get-AzAIModelAvailability/blob/main/Get-AzAIModelAvailability.ps1","/blob/main/Get-AzAIModelAvailability.ps1",1,1
"2026-04-29","/ZacharyLuz/Get-AzAIModelAvailability/blob/main/Protect_Main_Branch.json","/blob/main/Protect_Main_Branch.json",1,1
"2026-04-29","/ZacharyLuz/Get-AzAIModelAvailability/branches","/branches",1,1
"2026-04-29","/ZacharyLuz/Get-AzAIModelAvailability/pulse","/pulse",1,1
"2026-04-30","/ZacharyLuz/Get-AzAIModelAvailability","Overview",45,22
"2026-04-30","/ZacharyLuz/Get-AzAIModelAvailability/deployments/github-pages","/deployments/github-pages",8,2
"2026-04-30","/ZacharyLuz/Get-AzAIModelAvailability/deployments","/deployments",3,1
"2026-04-30","/ZacharyLuz/Get-AzAIModelAvailability/graphs/traffic","/graphs/traffic",2,1
"2026-04-30","/ZacharyLuz/Get-AzAIModelAvailability/pull/7","/pull/7",2,1
"2026-04-30","/ZacharyLuz/Get-AzAIModelAvailability/pulls","/pulls",2,1
"2026-04-30","/ZacharyLuz/Get-AzAIModelAvailability/blob/main/Get-AzAIModelAvailability.ps1","/blob/main/Get-AzAIModelAvailability.ps1",1,1
"2026-04-30","/ZacharyLuz/Get-AzAIModelAvailability/blob/main/Protect_Main_Branch.json","/blob/main/Protect_Main_Branch.json",1,1
"2026-04-30","/ZacharyLuz/Get-AzAIModelAvailability/branches","/branches",1,1
"2026-04-30","/ZacharyLuz/Get-AzAIModelAvailability/pulse","/pulse",1,1
"2026-05-01","/ZacharyLuz/Get-AzAIModelAvailability","Overview",28,15
"2026-05-01","/ZacharyLuz/Get-AzAIModelAvailability/deployments/github-pages","/deployments/github-pages",7,2
"2026-05-01","/ZacharyLuz/Get-AzAIModelAvailability/deployments","/deployments",2,1
"2026-05-01","/ZacharyLuz/Get-AzAIModelAvailability/graphs/traffic","/graphs/traffic",2,1
"2026-05-01","/ZacharyLuz/Get-AzAIModelAvailability/pull/7","/pull/7",2,1
"2026-05-01","/ZacharyLuz/Get-AzAIModelAvailability/pulls","/pulls",2,1
"2026-05-01","/ZacharyLuz/Get-AzAIModelAvailability/pulse","/pulse",1,1
"2026-05-01","/zacharyluz/Get-AzAIModelAvailability","Overview",1,1
"2026-05-02","/ZacharyLuz/Get-AzAIModelAvailability","Overview",23,14
"2026-05-02","/ZacharyLuz/Get-AzAIModelAvailability/deployments/github-pages","/deployments/github-pages",4,1
"2026-05-02","/ZacharyLuz/Get-AzAIModelAvailability/deployments","/deployments",2,1
"2026-05-02","/ZacharyLuz/Get-AzAIModelAvailability/graphs/traffic","/graphs/traffic",2,1
"2026-05-02","/ZacharyLuz/Get-AzAIModelAvailability/pulse","/pulse",1,1
"2026-05-02","/zacharyluz/Get-AzAIModelAvailability","Overview",1,1
"2026-05-03","/ZacharyLuz/Get-AzAIModelAvailability","Overview",22,13
"2026-05-03","/ZacharyLuz/Get-AzAIModelAvailability/deployments/github-pages","/deployments/github-pages",4,1
"2026-05-03","/ZacharyLuz/Get-AzAIModelAvailability/deployments","/deployments",2,1
"2026-05-03","/ZacharyLuz/Get-AzAIModelAvailability/graphs/traffic","/graphs/traffic",2,1
"2026-05-03","/ZacharyLuz/Get-AzAIModelAvailability/pulse","/pulse",1,1
"2026-05-03","/zacharyluz/Get-AzAIModelAvailability","Overview",1,1
"2026-05-04","/ZacharyLuz/Get-AzAIModelAvailability","Overview",22,13
"2026-05-04","/ZacharyLuz/Get-AzAIModelAvailability/deployments/github-pages","/deployments/github-pages",4,1
"2026-05-04","/ZacharyLuz/Get-AzAIModelAvailability/deployments","/deployments",2,1
"2026-05-04","/ZacharyLuz/Get-AzAIModelAvailability/graphs/traffic","/graphs/traffic",2,1
"2026-05-04","/ZacharyLuz/Get-AzAIModelAvailability/pulse","/pulse",1,1
"2026-05-04","/zacharyluz/Get-AzAIModelAvailability","Overview",1,1
"2026-05-05","/ZacharyLuz/Get-AzAIModelAvailability","Overview",22,13
"2026-05-05","/ZacharyLuz/Get-AzAIModelAvailability/deployments/github-pages","/deployments/github-pages",4,1
"2026-05-05","/ZacharyLuz/Get-AzAIModelAvailability/deployments","/deployments",2,1
"2026-05-05","/ZacharyLuz/Get-AzAIModelAvailability/graphs/traffic","/graphs/traffic",2,1
"2026-05-05","/ZacharyLuz/Get-AzAIModelAvailability/pulse","/pulse",1,1
"2026-05-05","/zacharyluz/Get-AzAIModelAvailability","Overview",1,1
"2026-05-06","/ZacharyLuz/Get-AzAIModelAvailability","Overview",22,13
"2026-05-06","/ZacharyLuz/Get-AzAIModelAvailability/deployments/github-pages","/deployments/github-pages",4,1
"2026-05-06","/ZacharyLuz/Get-AzAIModelAvailability/deployments","/deployments",2,1
"2026-05-06","/ZacharyLuz/Get-AzAIModelAvailability/graphs/traffic","/graphs/traffic",2,1
"2026-05-06","/ZacharyLuz/Get-AzAIModelAvailability/pulse","/pulse",1,1
"2026-05-06","/zacharyluz/Get-AzAIModelAvailability","Overview",1,1
"2026-05-07","/ZacharyLuz/Get-AzAIModelAvailability","Overview",20,12
"2026-05-07","/ZacharyLuz/Get-AzAIModelAvailability/deployments/github-pages","/deployments/github-pages",4,1
"2026-05-07","/ZacharyLuz/Get-AzAIModelAvailability/deployments","/deployments",2,1
"2026-05-07","/ZacharyLuz/Get-AzAIModelAvailability/graphs/traffic","/graphs/traffic",2,1
"2026-05-07","/ZacharyLuz/Get-AzAIModelAvailability/pulse","/pulse",1,1
"2026-05-08","/ZacharyLuz/Get-AzAIModelAvailability","Overview",17,10
"2026-05-08","/ZacharyLuz/Get-AzAIModelAvailability/deployments/github-pages","/deployments/github-pages",4,1
"2026-05-08","/ZacharyLuz/Get-AzAIModelAvailability/deployments","/deployments",2,1
"2026-05-08","/ZacharyLuz/Get-AzAIModelAvailability/graphs/traffic","/graphs/traffic",2,1
"2026-05-08","/ZacharyLuz/Get-AzAIModelAvailability/pulse","/pulse",1,1
"2026-05-09","/ZacharyLuz/Get-AzAIModelAvailability","Overview",16,11
"2026-05-09","/ZacharyLuz/Get-AzAIModelAvailability/deployments/github-pages","/deployments/github-pages",3,1
"2026-05-10","/ZacharyLuz/Get-AzAIModelAvailability","Overview",17,12
"2026-05-10","/ZacharyLuz/Get-AzAIModelAvailability/deployments/github-pages","/deployments/github-pages",4,2
"2026-05-11","/ZacharyLuz/Get-AzAIModelAvailability","Overview",15,12
"2026-05-11","/ZacharyLuz/Get-AzAIModelAvailability/deployments/github-pages","/deployments/github-pages",2,2
"2026-05-12","/ZacharyLuz/Get-AzAIModelAvailability","Overview",17,11
"2026-05-12","/ZacharyLuz/Get-AzAIModelAvailability/deployments/github-pages","/deployments/github-pages",3,1
"2026-05-12","/zacharyluz/Get-AzAIModelAvailability","Overview",1,1
"2026-05-13","/ZacharyLuz/Get-AzAIModelAvailability","Overview",15,9
"2026-05-13","/ZacharyLuz/Get-AzAIModelAvailability/deployments/github-pages","/deployments/github-pages",3,1
"2026-05-13","/zacharyluz/Get-AzAIModelAvailability","Overview",1,1
"2026-05-14","/ZacharyLuz/Get-AzAIModelAvailability","Overview",15,8
"2026-05-14","/ZacharyLuz/Get-AzAIModelAvailability/deployments/github-pages","/deployments/github-pages",3,1
"2026-05-14","/zacharyluz/Get-AzAIModelAvailability","Overview",1,1
"2026-05-15","/ZacharyLuz/Get-AzAIModelAvailability","Overview",10,5
"2026-05-15","/ZacharyLuz/Get-AzAIModelAvailability/deployments/github-pages","/deployments/github-pages",3,1
"2026-05-15","/zacharyluz/Get-AzAIModelAvailability","Overview",1,1
"2026-05-16","/ZacharyLuz/Get-AzAIModelAvailability","Overview",12,5
"2026-05-16","/ZacharyLuz/Get-AzAIModelAvailability/deployments/github-pages","/deployments/github-pages",3,1
"2026-05-16","/zacharyluz/Get-AzAIModelAvailability","Overview",1,1
"2026-05-17","/ZacharyLuz/Get-AzAIModelAvailability","Overview",12,5
"2026-05-17","/ZacharyLuz/Get-AzAIModelAvailability/deployments/github-pages","/deployments/github-pages",3,1
"2026-05-17","/zacharyluz/Get-AzAIModelAvailability","Overview",1,1
"2026-05-18","/ZacharyLuz/Get-AzAIModelAvailability","Overview",12,5
"2026-05-18","/ZacharyLuz/Get-AzAIModelAvailability/deployments/github-pages","/deployments/github-pages",3,1
"2026-05-18","/zacharyluz/Get-AzAIModelAvailability","Overview",1,1
"2026-05-19","/ZacharyLuz/Get-AzAIModelAvailability","Overview",12,5
"2026-05-19","/ZacharyLuz/Get-AzAIModelAvailability/deployments/github-pages","/deployments/github-pages",3,1
"2026-05-19","/zacharyluz/Get-AzAIModelAvailability","Overview",1,1
"2026-05-20","/ZacharyLuz/Get-AzAIModelAvailability","Overview",13,6
"2026-05-20","/ZacharyLuz/Get-AzAIModelAvailability/deployments/github-pages","/deployments/github-pages",4,2
"2026-05-20","/zacharyluz/Get-AzAIModelAvailability","Overview",1,1
"2026-05-21","/ZacharyLuz/Get-AzAIModelAvailability","Overview",12,5
"2026-05-21","/ZacharyLuz/Get-AzAIModelAvailability/deployments/github-pages","/deployments/github-pages",4,2
"2026-05-21","/zacharyluz/Get-AzAIModelAvailability","Overview",1,1
"2026-05-22","/ZacharyLuz/Get-AzAIModelAvailability","Overview",12,5
"2026-05-22","/ZacharyLuz/Get-AzAIModelAvailability/deployments/github-pages","/deployments/github-pages",4,2
"2026-05-22","/zacharyluz/Get-AzAIModelAvailability","Overview",1,1
"2026-05-23","/ZacharyLuz/Get-AzAIModelAvailability","Overview",12,6
"2026-05-23","/ZacharyLuz/Get-AzAIModelAvailability/deployments/github-pages","/deployments/github-pages",4,2
"2026-05-23","/zacharyluz/Get-AzAIModelAvailability","Overview",1,1
"2026-05-24","/ZacharyLuz/Get-AzAIModelAvailability","Overview",11,5
"2026-05-24","/ZacharyLuz/Get-AzAIModelAvailability/deployments/github-pages","/deployments/github-pages",3,2
"2026-05-24","/zacharyluz/Get-AzAIModelAvailability","Overview",1,1
"2026-05-25","/ZacharyLuz/Get-AzAIModelAvailability","Overview",11,5
"2026-05-25","/ZacharyLuz/Get-AzAIModelAvailability/deployments/github-pages","/deployments/github-pages",3,2
"2026-05-25","/zacharyluz/Get-AzAIModelAvailability","Overview",1,1
"2026-05-26","/ZacharyLuz/Get-AzAIModelAvailability","Overview",8,5
"2026-05-26","/ZacharyLuz/Get-AzAIModelAvailability/deployments/github-pages","/deployments/github-pages",1,1
"2026-05-27","/ZacharyLuz/Get-AzAIModelAvailability","Overview",8,5
"2026-05-27","/ZacharyLuz/Get-AzAIModelAvailability/deployments/github-pages","/deployments/github-pages",1,1
"2026-05-28","/ZacharyLuz/Get-AzAIModelAvailability","Overview",7,5
"2026-05-28","/ZacharyLuz/Get-AzAIModelAvailability/deployments/github-pages","/deployments/github-pages",1,1
"2026-05-29","/ZacharyLuz/Get-AzAIModelAvailability","Overview",7,5
"2026-05-29","/ZacharyLuz/Get-AzAIModelAvailability/deployments/github-pages","/deployments/github-pages",1,1
"2026-05-30","/ZacharyLuz/Get-AzAIModelAvailability","Overview",3,3
"2026-05-30","/ZacharyLuz/Get-AzAIModelAvailability/deployments/github-pages","/deployments/github-pages",1,1
"2026-05-31","/ZacharyLuz/Get-AzAIModelAvailability","Overview",3,3
"2026-05-31","/ZacharyLuz/Get-AzAIModelAvailability/deployments/github-pages","/deployments/github-pages",1,1
"2026-06-01","/ZacharyLuz/Get-AzAIModelAvailability","Overview",3,3
"2026-06-01","/ZacharyLuz/Get-AzAIModelAvailability/deployments/github-pages","/deployments/github-pages",1,1
"2026-06-02","/ZacharyLuz/Get-AzAIModelAvailability","Overview",3,3
"2026-06-02","/ZacharyLuz/Get-AzAIModelAvailability/deployments/github-pages","/deployments/github-pages",1,1
"2026-06-03","/ZacharyLuz/Get-AzAIModelAvailability","Overview",2,2
"2026-06-03","/ZacharyLuz/Get-AzAIModelAvailability/forks","/forks",1,1
"2026-06-03","/ZacharyLuz/Get-AzAIModelAvailability/pulse","/pulse",1,1
"2026-06-04","/ZacharyLuz/Get-AzAIModelAvailability","Overview",2,2
"2026-06-04","/ZacharyLuz/Get-AzAIModelAvailability/forks","/forks",1,1
"2026-06-04","/ZacharyLuz/Get-AzAIModelAvailability/pulse","/pulse",1,1
"2026-06-05","/ZacharyLuz/Get-AzAIModelAvailability","Overview",2,2
"2026-06-05","/ZacharyLuz/Get-AzAIModelAvailability/forks","/forks",1,1
"2026-06-05","/ZacharyLuz/Get-AzAIModelAvailability/pulse","/pulse",1,1
"2026-06-06","/ZacharyLuz/Get-AzAIModelAvailability/forks","/forks",1,1
"2026-06-06","/ZacharyLuz/Get-AzAIModelAvailability/pulse","/pulse",1,1
"2026-06-07","/ZacharyLuz/Get-AzAIModelAvailability/forks","/forks",1,1
"2026-06-07","/ZacharyLuz/Get-AzAIModelAvailability/pulse","/pulse",1,1
"2026-06-08","/ZacharyLuz/Get-AzAIModelAvailability/forks","/forks",1,1
"2026-06-08","/ZacharyLuz/Get-AzAIModelAvailability/pulse","/pulse",1,1
"2026-06-09","/ZacharyLuz/Get-AzAIModelAvailability/forks","/forks",1,1
"2026-06-09","/ZacharyLuz/Get-AzAIModelAvailability/pulse","/pulse",1,1
"2026-06-10","/ZacharyLuz/Get-AzAIModelAvailability/forks","/forks",1,1
"2026-06-10","/ZacharyLuz/Get-AzAIModelAvailability/pulse","/pulse",1,1
"2026-06-11","/ZacharyLuz/Get-AzAIModelAvailability/forks","/forks",1,1
"2026-06-11","/ZacharyLuz/Get-AzAIModelAvailability/pulse","/pulse",1,1
"2026-06-12","/ZacharyLuz/Get-AzAIModelAvailability","Overview",1,1
"2026-06-12","/ZacharyLuz/Get-AzAIModelAvailability/forks","/forks",1,1
"2026-06-12","/ZacharyLuz/Get-AzAIModelAvailability/pulse","/pulse",1,1
"2026-06-13","/ZacharyLuz/Get-AzAIModelAvailability","Overview",1,1
"2026-06-13","/ZacharyLuz/Get-AzAIModelAvailability/forks","/forks",1,1
"2026-06-13","/ZacharyLuz/Get-AzAIModelAvailability/pulse","/pulse",1,1
"2026-06-14","/ZacharyLuz/Get-AzAIModelAvailability","Overview",1,1
"2026-06-14","/ZacharyLuz/Get-AzAIModelAvailability/forks","/forks",1,1
"2026-06-14","/ZacharyLuz/Get-AzAIModelAvailability/pulse","/pulse",1,1
"2026-06-15","/ZacharyLuz/Get-AzAIModelAvailability","Overview",1,1
"2026-06-15","/ZacharyLuz/Get-AzAIModelAvailability/forks","/forks",1,1
"2026-06-15","/ZacharyLuz/Get-AzAIModelAvailability/pulse","/pulse",1,1
"2026-06-16","/ZacharyLuz/Get-AzAIModelAvailability","Overview",1,1
"2026-06-16","/ZacharyLuz/Get-AzAIModelAvailability/forks","/forks",1,1
"2026-06-16","/ZacharyLuz/Get-AzAIModelAvailability/pulse","/pulse",1,1
