Date,Stars,Forks,Watchers,OpenIssues,Size_KB
"2026-04-05",1,0,0,0,41
"2026-04-06",1,0,0,0,82
"2026-04-07",1,0,0,0,86
"2026-04-08",1,0,0,0,87
"2026-04-09",1,0,0,0,89
"2026-04-10",1,0,0,0,91
"2026-04-11",1,0,0,0,93
"2026-04-12",1,0,0,0,95
"2026-04-13",1,0,0,0,97
"2026-04-14",1,0,0,0,100
"2026-04-15",1,0,0,0,102
"2026-04-23",1,0,0,0,83
"2026-04-24",1,0,0,0,86
"2026-04-25",1,0,0,0,89
"2026-04-26",1,0,0,0,93
"2026-04-27",1,0,0,0,100
"2026-04-28",1,0,0,0,102
"2026-04-29",1,0,0,0,105
"2026-04-30",1,0,0,0,107
"2026-05-01",1,0,0,0,115
"2026-05-02",1,0,0,0,118
"2026-05-03",1,0,0,0,121
"2026-05-04",1,0,0,0,124
"2026-05-05",1,0,0,0,128
"2026-05-06",1,0,0,0,130
"2026-05-07",1,0,0,0,133
"2026-05-08",1,0,0,0,137
"2026-05-09",1,0,0,0,140
"2026-05-10",1,0,0,0,144
"2026-05-11",1,0,0,0,148
"2026-05-12",1,0,0,0,151
"2026-05-13",1,0,0,0,155
"2026-05-14",1,0,0,0,159
"2026-05-15",1,1,0,0,116
"2026-05-16",1,1,0,0,124
"2026-05-17",1,1,0,0,128
"2026-05-18",1,1,0,0,132
"2026-05-19",1,1,0,0,136
"2026-05-20",1,1,0,0,140
"2026-05-21",1,1,0,0,144
"2026-05-22",1,1,0,0,148
"2026-05-23",1,1,0,0,152
"2026-05-24",1,1,0,0,157
"2026-05-25",1,1,0,0,161
"2026-05-26",1,1,0,0,165
"2026-05-27",1,1,0,0,170
