Date,TotalViews,UniqueViews
2026-03-22,0,0
2026-03-23,0,0
2026-03-24,0,0
2026-03-25,0,0
2026-03-26,2,1
2026-03-27,0,0
2026-03-28,0,0
2026-03-29,0,0
2026-03-30,0,0
2026-03-31,0,0
2026-04-01,4,2
2026-04-02,0,0
2026-04-03,1,1
2026-04-04,2,2
2026-04-05,4,2
2026-04-06,0,0
2026-04-07,1,1
2026-04-08,1,1
2026-04-09,1,1
2026-04-10,0,0
2026-04-11,0,0
2026-04-12,0,0
2026-04-13,0,0
2026-04-14,1,1
2026-04-15,30,12
2026-04-16,14,4
2026-04-17,1,1
2026-04-18,0,0
2026-04-19,0,0
2026-04-20,0,0
2026-04-21,4,3
2026-04-22,3,2
2026-04-23,9,3
2026-04-24,0,0
2026-04-25,4,1
2026-04-26,2,1
